<?xml version="1.0"?>
<?tapas-model href="http://www.tei-c.org/release/xml/tei/custom/schema/relaxng/teilite.rng" schematypens="http://relaxng.org/ns/structure/1.0"?>
<?xml-stylesheet type="text/xsl" href="tapasBoot.xslt"?>
<TEI xmlns="http://www.tei-c.org/ns/1.0">
  <teiHeader>
    <fileDesc>
      <titleStmt>
        <title>Prolegomenon</title>
      </titleStmt>
      <publicationStmt>
        <p>Freely available</p>        
      </publicationStmt>
      <sourceDesc>
        <bibl>
          <author>Julia Flanders</author>
          <title level="m">Sea Creatures</title>
          <publisher>Ridgeback Press</publisher>
          <date>2012</date>
        </bibl>
      </sourceDesc>
    </fileDesc>
  </teiHeader>
  <tapas_metadata xmlns="" xmlns:tapas="http://www.wheatoncollege.edu/TAPAS/1.0" xmlns:dc="http://purl.org/dc/elements/1.1/" xmlns:tei="http://www.tei-c.org/ns/1.0"><dc_title>Prolegomenon</dc_title><dc_creator>Julia Flanders</dc_creator><dc_date>2012</dc_date><dc_source>Julia Flanders &#x201C;Sea Creatures&#x201D; Ridgeback Press 2012</dc_source><tapas:transforms><tapas:transform name="TAPAS_Boilerplate"/><tapas:transform name="TAPAS_Boilerplate_NoJS"/></tapas:transforms></tapas_metadata><text>
    <body>
      <div><p>When the tide goes out and the glass creatures are left behind on the beach sand, their surfaces dessicate and rupture. They absorb light into the pores and hollows of their skin, where it concentrates and granulates as their colors darken.</p>
      <p>When the sun is low and its light is thick and soft and indirect, the glass creatures float above the surface of the water, lapping its ripples with their own, lit from above and below by the sun and its reflected light, so that they are infused with&#x2026;
</p>
      <p>At dusk, the sun shows as an afterthought and the glass creatures are free to move between air and water. They rise, dripping light, and skim across the boundary layer; when they dive, they carry layers of light with them that disperse from their&#x2026;
</p>
     <p>In the early morning, the glass creatures emerge from the deep sea where they sleep and rise to the surface of the water to catch the first rays of the sun. They carry the darkness of the water with them, its saturated colors.
</p>
      <p>When the tide goes out and the glass creatures are left behind on the beach sand, their surfaces dessicate and rupture. They absorb light into the pores and hollows of their skin, where it concentrates and granulates as their colors darken.</p>
      <p>When the sun is low and its light is thick and soft and indirect, the glass creatures float above the surface of the water, lapping its ripples with their own, lit from above and below by the sun and its reflected light, so that they are infused with&#x2026;
</p>
      <p>At dusk, the sun shows as an afterthought and the glass creatures are free to move between air and water. They rise, dripping light, and skim across the boundary layer; when they dive, they carry layers of light with them that disperse from their&#x2026;
</p>
     <p>In the early morning, the glass creatures emerge from the deep sea where they sleep and rise to the surface of the water to catch the first rays of the sun. They carry the darkness of the water with them, its saturated colors.
</p>
      <p>When the tide goes out and the glass creatures are left behind on the beach sand, their surfaces dessicate and rupture. They absorb light into the pores and hollows of their skin, where it concentrates and granulates as their colors darken.</p>
      <p>When the sun is low and its light is thick and soft and indirect, the glass creatures float above the surface of the water, lapping its ripples with their own, lit from above and below by the sun and its reflected light, so that they are infused with&#x2026;
</p></div>
      <div>
      <p>At dusk, the sun shows as an afterthought and the glass creatures are free to move between air and water. They rise, dripping light, and skim across the boundary layer; when they dive, they carry layers of light with them that disperse from their&#x2026;
</p>
     <p>In the early morning, the glass creatures emerge from the deep sea where they sleep and rise to the surface of the water to catch the first rays of the sun. They carry the darkness of the water with them, its saturated colors.
</p>
      <p>When the tide goes out and the glass creatures are left behind on the beach sand, their surfaces dessicate and rupture. They absorb light into the pores and hollows of their skin, where it concentrates and granulates as their colors darken.</p>
      <p>When the sun is low and its light is thick and soft and indirect, the glass creatures float above the surface of the water, lapping its ripples with their own, lit from above and below by the sun and its reflected light, so that they are infused with&#x2026;
</p>
      <p>At dusk, the sun shows as an afterthought and the glass creatures are free to move between air and water. They rise, dripping light, and skim across the boundary layer; when they dive, they carry layers of light with them that disperse from their&#x2026;
</p>
     <p>In the early morning, the glass creatures emerge from the deep sea where they sleep and rise to the surface of the water to catch the first rays of the sun. They carry the darkness of the water with them, its saturated colors.
</p>
      <p>When the tide goes out and the glass creatures are left behind on the beach sand, their surfaces dessicate and rupture. They absorb light into the pores and hollows of their skin, where it concentrates and granulates as their colors darken.</p>
      <p>When the sun is low and its light is thick and soft and indirect, the glass creatures float above the surface of the water, lapping its ripples with their own, lit from above and below by the sun and its reflected light, so that they are infused with&#x2026;
</p>
      <p>At dusk, the sun shows as an afterthought and the glass creatures are free to move between air and water. They rise, dripping light, and skim across the boundary layer; when they dive, they carry layers of light with them that disperse from their&#x2026;
</p>
     <p>In the early morning, the glass creatures emerge from the deep sea where they sleep and rise to the surface of the water to catch the first rays of the sun. They carry the darkness of the water with them, its saturated colors.
</p></div>
     
      <div>
      <lg><l>At dusk, the sun shows as an afterthought and the glass creatures are free to move between air and water. They rise, dripping light, and skim across the boundary layer; when they dive, they carry layers of light with them that disperse from their&#x2026;
</l>
     <l>In the early morning, the glass creatures emerge from the deep sea where they sleep and rise to the surface of the water to catch the first rays of the sun. They carry the darkness of the water with them, its saturated colors.
</l>
      <l>When the tide goes out and the glass creatures are left behind on the beach sand, their surfaces dessicate and rupture. They absorb light into the pores and hollows of their skin, where it concentrates and granulates as their colors darken.</l>
      <l>When the sun is low and its light is thick and soft and indirect, the glass creatures float above the surface of the water, lapping its ripples with their own, lit from above and below by the sun and its reflected light, so that they are infused with&#x2026;
</l>
      <l>At dusk, the sun shows as an afterthought and the glass creatures are free to move between air and water. They rise, dripping light, and skim across the boundary layer; when they dive, they carry layers of light with them that disperse from their&#x2026;
</l>
     <l>In the early morning, the glass creatures emerge from the deep sea where they sleep and rise to the surface of the water to catch the first rays of the sun. They carry the darkness of the water with them, its saturated colors.
</l>
      <l>When the tide goes out and the glass creatures are left behind on the beach sand, their surfaces dessicate and rupture. They absorb light into the pores and hollows of their skin, where it concentrates and granulates as their colors darken.</l>
      <l>When the sun is low and its light is thick and soft and indirect, the glass creatures float above the surface of the water, lapping its ripples with their own, lit from above and below by the sun and its reflected light, so that they are infused with&#x2026;
</l>
      <l>At dusk, the sun shows as an afterthought and the glass creatures are free to move between air and water. They rise, dripping light, and skim across the boundary layer; when they dive, they carry layers of light with them that disperse from their&#x2026;
</l>
     <l>In the early morning, the glass creatures emerge from the deep sea where they sleep and rise to the surface of the water to catch the first rays of the sun. They carry the darkness of the water with them, its saturated colors.
</l></lg></div>
     
    </body>
  </text>
</TEI>
